home_team,away_team,home_pitcher,away_pitcher,predicted_winrate_diff,home_winrate,away_winrate
KT,SSG,오원석,김광현,-0.0266,0.4867,0.5133
LG,NC,임찬규,신민혁,-0.042500000000000024,0.47875,0.52125
NC,LG,신민혁,임찬규,-0.07259999999999998,0.4637,0.5363
롯데,한화,반즈,와이스,-0.022100000000000012,0.48895,0.51105
삼성,KIA,최원태,김도현,-0.026300000000000007,0.48685,0.51315
키움,두산,하영민,최승용,-0.048500000000000015,0.47575,0.52425
