home_team,away_team,home_pitcher,away_pitcher,predicted_winrate_diff,home_winrate,away_winrate
KT,SSG,오원석,김광현,-0.0266,0.4867,0.5133
LG,NC,임찬규,신민혁,-0.042500000000000024,0.47875,0.52125
SSG,LG,박종훈,치리노스,-0.10049999999999995,0.44975000000000004,0.5502499999999999
두산,KIA,콜어빈,윤영철,-0.0325,0.48375,0.51625
롯데,한화,반즈,와이스,-0.022100000000000012,0.48895,0.51105
삼성,KIA,최원태,김도현,-0.026300000000000007,0.48685,0.51315
키움,두산,하영민,최승용,-0.048500000000000015,0.47575,0.52425
한화,NC,엄상백,로건,-0.029299999999999996,0.48535,0.51465
