home_team,away_team,home_pitcher,away_pitcher,predicted_winrate_diff,home_winrate,away_winrate
SSG,LG,박종훈,치리노스,-0.10049999999999995,0.44975000000000004,0.5502499999999999
두산,KIA,콜어빈,윤영철,-0.0325,0.48375,0.51625
삼성,롯데,이승현,데이비슨,-0.09199999999999994,0.454,0.546
키움,KT,전준표,헤이수스,-0.026300000000000007,0.48685,0.51315
한화,NC,엄상백,로건,-0.029299999999999996,0.48535,0.51465
